"DIA";"TIPO_CAMBIO_COMPRA";"TIPO_CAMBIO_VENTA"
"01 ene 2019";"604,39";"611,75"
"02 ene 2019";"604,39";"611,75"
"03 ene 2019";"603,01";"611,55"
"04 ene 2019";"604,77";"611,68"
"07 ene 2019";"602,40";"611,55"
"08 ene 2019";"605,39";"612,93"
"09 ene 2019";"604,83";"612,21"
"10 ene 2019";"605,61";"612,12"
"11 ene 2019";"604,86";"610,49"
"14 ene 2019";"602,30";"608,80"
"15 ene 2019";"599,81";"606,63"
"16 ene 2019";"598,84";"605,08"
"17 ene 2019";"596,67";"602,97"
"18 ene 2019";"597,13";"603,52"
"21 ene 2019";"597,00";"604,70"
"22 ene 2019";"597,49";"605,15"
"23 ene 2019";"598,60";"606,56"
"24 ene 2019";"603,22";"608,11"
"25 ene 2019";"605,03";"610,70"
"28 ene 2019";"606,26";"612,60"
"29 ene 2019";"606,85";"613,97"
"30 ene 2019";"608,99";"614,95"
"31 ene 2019";"607,85";"614,17"
"01 feb 2019";"608,04";"614,32"
"04 feb 2019";"607,40";"615,31"
"05 feb 2019";"606,03";"616,40"
"06 feb 2019";"608,51";"616,45"
"07 feb 2019";"608,11";"615,35"
"08 feb 2019";"610,01";"615,12"
"11 feb 2019";"608,78";"614,96"
"12 feb 2019";"607,96";"615,06"
"13 feb 2019";"608,15";"614,08"
"14 feb 2019";"607,24";"612,76"
"15 feb 2019";"607,17";"612,42"
"18 feb 2019";"604,45";"611,36"
"19 feb 2019";"605,64";"611,20"
"20 feb 2019";"605,76";"612,62"
"21 feb 2019";"606,89";"612,00"
"22 feb 2019";"605,97";"611,69"
"25 feb 2019";"606,05";"611,12"
"26 feb 2019";"604,97";"612,21"
"27 feb 2019";"605,35";"611,66"
"28 feb 2019";"605,05";"610,72"
"01 mar 2019";"604,08";"609,76"
"04 mar 2019";"602,58";"609,32"
"05 mar 2019";"602,87";"608,50"
"06 mar 2019";"603,97";"610,37"
"07 mar 2019";"605,74";"611,11"
"08 mar 2019";"605,89";"611,39"
"11 mar 2019";"604,45";"610,76"
"12 mar 2019";"602,37";"608,21"
"13 mar 2019";"601,13";"607,25"
"14 mar 2019";"599,23";"604,75"
"15 mar 2019";"596,83";"601,76"
"18 mar 2019";"594,28";"600,62"
"19 mar 2019";"592,67";"598,73"
"20 mar 2019";"592,09";"600,39"
"21 mar 2019";"597,70";"603,16"
"22 mar 2019";"598,76";"605,23"
"25 mar 2019";"604,62";"612,61"
"26 mar 2019";"604,50";"610,54"
"27 mar 2019";"601,65";"608,14"
"28 mar 2019";"600,64";"606,75"
"29 mar 2019";"598,41";"603,85"
"01 abr 2019";"596,04";"602,36"
"02 abr 2019";"595,00";"602,74"
"03 abr 2019";"597,18";"605,49"
"04 abr 2019";"602,41";"608,93"
"05 abr 2019";"604,31";"609,46"
"08 abr 2019";"601,99";"608,58"
"09 abr 2019";"601,42";"607,96"
"10 abr 2019";"599,82";"605,30"
"12 abr 2019";"598,67";"603,70"
"15 abr 2019";"596,34";"602,69"
"16 abr 2019";"595,01";"600,73"
"17 abr 2019";"592,91";"598,79"
"22 abr 2019";"592,50";"598,63"
"23 abr 2019";"593,76";"601,24"
"24 abr 2019";"596,66";"603,51"
"25 abr 2019";"598,81";"605,24"
"26 abr 2019";"597,00";"603,05"
"29 abr 2019";"594,26";"599,75"
"30 abr 2019";"592,98";"599,09"
"02 may 2019";"592,27";"598,90"
"03 may 2019";"593,09";"599,48"
"06 may 2019";"591,37";"598,34"
"07 may 2019";"591,14";"598,76"
"08 may 2019";"591,57";"599,10"
"09 may 2019";"591,88";"597,82"
"10 may 2019";"592,28";"598,45"
"13 may 2019";"591,91";"597,68"
"14 may 2019";"590,86";"596,50"
"15 may 2019";"588,80";"594,57"
"16 may 2019";"586,70";"592,66"
"17 may 2019";"584,48";"591,45"
"20 may 2019";"584,01";"590,91"
"21 may 2019";"584,57";"591,28"
"22 may 2019";"584,47";"591,09"
"23 may 2019";"587,46";"593,71"
"24 may 2019";"587,89";"594,03"
"27 may 2019";"588,41";"594,97"
"28 may 2019";"587,93";"594,51"
"29 may 2019";"587,05";"592,86"
"30 may 2019";"585,97";"591,24"
"31 may 2019";"584,11";"590,54"
"03 jun 2019";"583,49";"591,03"
"04 jun 2019";"583,91";"591,07"
"05 jun 2019";"585,32";"593,65"
"06 jun 2019";"589,38";"594,50"
"07 jun 2019";"589,42";"596,50"
"10 jun 2019";"588,66";"595,40"
"11 jun 2019";"586,02";"592,68"
"12 jun 2019";"584,85";"591,39"
"13 jun 2019";"586,62";"589,59"
"14 jun 2019";"582,59";"588,52"
"17 jun 2019";"581,13";"588,89"
"18 jun 2019";"580,66";"587,86"
"19 jun 2019";"580,80";"587,43"
"20 jun 2019";"581,92";"589,16"
"21 jun 2019";"581,65";"587,95"
"24 jun 2019";"581,72";"588,06"
"25 jun 2019";"581,18";"587,81"
"26 jun 2019";"580,76";"587,13"
"27 jun 2019";"578,98";"586,31"
"28 jun 2019";"578,35";"585,45"
"01 jul 2019";"576,72";"583,64"
"02 jul 2019";"574,89";"583,23"
"03 jul 2019";"576,49";"583,31"
"04 jul 2019";"578,17";"585,17"
"05 jul 2019";"579,32";"585,83"
"08 jul 2019";"578,21";"585,77"
"09 jul 2019";"578,34";"585,53"
"10 jul 2019";"579,47";"585,50"
"11 jul 2019";"579,10";"584,18"
"12 jul 2019";"578,21";"584,05"
"15 jul 2019";"575,32";"582,11"
"16 jul 2019";"572,15";"578,39"
"17 jul 2019";"571,58";"577,89"
"18 jul 2019";"572,27";"578,31"
"19 jul 2019";"571,81";"578,78"
"22 jul 2019";"570,73";"577,37"
"23 jul 2019";"569,91";"576,82"
"24 jul 2019";"570,44";"575,97"
"26 jul 2019";"570,31";"575,69"
"29 jul 2019";"568,86";"574,94"
"30 jul 2019";"567,50";"573,97"
"31 jul 2019";"567,11";"573,46"
"01 ago 2019";"566,52";"572,26"
"05 ago 2019";"566,60";"573,55"
"06 ago 2019";"565,44";"573,27"
"07 ago 2019";"565,20";"573,18"
"08 ago 2019";"566,95";"573,32"
"09 ago 2019";"567,31";"573,53"
"12 ago 2019";"567,34";"574,07"
"13 ago 2019";"567,07";"573,62"
"14 ago 2019";"566,60";"572,43"
"16 ago 2019";"565,42";"571,30"
"19 ago 2019";"563,82";"570,46"
"20 ago 2019";"562,23";"569,92"
"21 ago 2019";"561,39";"568,07"
"22 ago 2019";"561,75";"568,45"
"23 ago 2019";"562,94";"569,53"
"26 ago 2019";"563,07";"570,20"
"27 ago 2019";"562,87";"570,17"
"28 ago 2019";"563,95";"570,03"
"29 ago 2019";"565,17";"570,99"
"30 ago 2019";"566,45";"572,89"
"02 sep 2019";"567,66";"575,16"
"03 sep 2019";"568,57";"577,15"
"04 sep 2019";"573,02";"579,59"
"05 sep 2019";"574,08";"580,82"
"06 sep 2019";"576,20";"582,67"
"09 sep 2019";"575,05";"581,13"
"10 sep 2019";"573,58";"579,79"
"11 sep 2019";"571,93";"577,96"
"12 sep 2019";"571,18";"577,28"
"13 sep 2019";"572,08";"578,83"
"16 sep 2019";"572,43";"579,66"
"17 sep 2019";"572,98";"580,49"
"18 sep 2019";"574,73";"580,77"
"19 sep 2019";"574,83";"582,00"
"20 sep 2019";"576,05";"583,55"
"23 sep 2019";"576,71";"583,86"
"24 sep 2019";"578,31";"585,06"
"25 sep 2019";"579,57";"585,84"
"26 sep 2019";"578,67";"585,43"
"27 sep 2019";"578,99";"584,74"
"30 sep 2019";"577,93";"583,88"
"01 oct 2019";"576,58";"583,46"
"02 oct 2019";"576,29";"583,23"
"03 oct 2019";"577,82";"585,11"
"04 oct 2019";"579,41";"585,76"
"07 oct 2019";"578,10";"585,88"
"08 oct 2019";"577,42";"585,11"
"09 oct 2019";"578,10";"584,46"
"10 oct 2019";"578,50";"583,98"
"11 oct 2019";"578,28";"583,69"
"14 oct 2019";"576,37";"583,57"
"15 oct 2019";"574,86";"581,85"
"16 oct 2019";"574,45";"580,84"
"17 oct 2019";"576,41";"582,42"
"18 oct 2019";"575,95";"582,66"
"21 oct 2019";"577,13";"583,79"
"22 oct 2019";"578,93";"585,42"
"23 oct 2019";"577,82";"585,88"
"24 oct 2019";"579,20";"586,00"
"25 oct 2019";"581,49";"586,66"
"28 oct 2019";"579,25";"585,91"
"29 oct 2019";"578,10";"584,91"
"30 oct 2019";"579,36";"585,31"
"31 oct 2019";"579,86";"585,39"
"01 nov 2019";"581,05";"585,89"
"04 nov 2019";"580,34";"587,50"
"05 nov 2019";"578,86";"587,75"
"06 nov 2019";"581,08";"587,94"
"07 nov 2019";"581,66";"588,06"
"08 nov 2019";"581,61";"586,18"
"11 nov 2019";"579,76";"586,21"
"12 nov 2019";"578,69";"585,86"
"13 nov 2019";"577,98";"584,69"
"14 nov 2019";"577,49";"583,26"
"15 nov 2019";"576,19";"582,36"
"18 nov 2019";"573,76";"579,99"
"19 nov 2019";"570,97";"578,48"
"20 nov 2019";"569,76";"576,44"
"21 nov 2019";"569,74";"576,71"
"22 nov 2019";"568,17";"573,72"
"25 nov 2019";"565,43";"571,80"
"26 nov 2019";"562,54";"571,23"
"27 nov 2019";"561,57";"567,77"
"28 nov 2019";"560,45";"566,37"
"29 nov 2019";"559,83";"566,56"
"02 dic 2019";"558,90";"565,89"
"03 dic 2019";"560,22";"567,65"
"04 dic 2019";"563,53";"572,01"
"05 dic 2019";"563,99";"571,81"
"06 dic 2019";"566,91";"573,19"
"09 dic 2019";"565,08";"572,22"
"10 dic 2019";"565,59";"572,08"
"11 dic 2019";"567,59";"573,52"
"12 dic 2019";"567,60";"574,59"
"13 dic 2019";"566,61";"572,52"
"16 dic 2019";"563,73";"570,76"
"17 dic 2019";"562,33";"570,05"
"18 dic 2019";"562,52";"569,16"
"19 dic 2019";"563,65";"569,29"
"20 dic 2019";"562,52";"569,89"
"23 dic 2019";"563,21";"569,57"
"24 dic 2019";"564,72";"571,81"
"26 dic 2019";"568,49";"574,93"
"27 dic 2019";"569,34";"575,66"
"30 dic 2019";"569,93";"575,56"
"02 ene 2020";"570,09";"576,49"
"03 ene 2020";"569,50";"576,30"
"06 ene 2020";"569,37";"576,24"
"07 ene 2020";"567,47";"576,37"
"08 ene 2020";"569,58";"576,72"
"09 ene 2020";"569,47";"576,74"
"10 ene 2020";"569,84";"576,49"
"13 ene 2020";"568,61";"575,93"
"14 ene 2020";"566,59";"573,34"
"15 ene 2020";"565,82";"572,01"
"16 ene 2020";"564,67";"570,74"
"17 ene 2020";"563,37";"569,43"
"20 ene 2020";"561,47";"568,43"
"21 ene 2020";"561,54";"568,42"
"22 ene 2020";"563,46";"570,32"
"23 ene 2020";"565,35";"572,03"
"24 ene 2020";"567,19";"573,61"
"27 ene 2020";"566,44";"573,51"
"28 ene 2020";"565,53";"573,13"
"29 ene 2020";"566,55";"572,64"
"30 ene 2020";"567,26";"573,08"
"31 ene 2020";"567,06";"573,36"
"03 feb 2020";"566,38";"573,61"
"04 feb 2020";"567,47";"576,12"
"05 feb 2020";"571,50";"578,69"
"06 feb 2020";"572,70";"578,64"
"07 feb 2020";"572,69";"579,34"
"10 feb 2020";"570,40";"577,83"
"11 feb 2020";"568,50";"576,30"
"12 feb 2020";"568,17";"574,43"
"13 feb 2020";"566,80";"572,52"
"14 feb 2020";"565,61";"571,22"
"17 feb 2020";"563,98";"570,33"
"18 feb 2020";"564,12";"571,63"
"19 feb 2020";"566,03";"573,02"
"20 feb 2020";"567,06";"574,93"
"21 feb 2020";"569,08";"575,34"
"24 feb 2020";"569,46";"575,93"
"25 feb 2020";"568,77";"575,03"
"26 feb 2020";"568,63";"574,68"
"27 feb 2020";"567,15";"572,68"
"28 feb 2020";"565,84";"571,54"
"02 mar 2020";"565,87";"572,33"
"03 mar 2020";"566,37";"574,39"
"04 mar 2020";"569,08";"576,37"
"05 mar 2020";"569,61";"578,08"
"06 mar 2020";"569,70";"576,57"
"09 mar 2020";"566,21";"573,35"
"10 mar 2020";"565,13";"572,37"
"11 mar 2020";"564,57";"570,25"
"12 mar 2020";"561,70";"567,42"
"13 mar 2020";"562,21";"568,00"
"16 mar 2020";"560,66";"567,68"
"17 mar 2020";"560,75";"568,32"
"18 mar 2020";"563,22";"568,70"
"19 mar 2020";"563,38";"569,74"
"20 mar 2020";"564,80";"570,64"
"23 mar 2020";"565,64";"573,56"
"24 mar 2020";"569,54";"576,98"
"25 mar 2020";"572,33";"579,70"
"26 mar 2020";"575,42";"582,05"
"27 mar 2020";"577,33";"583,83"
"30 mar 2020";"577,90";"585,50"
"31 mar 2020";"579,50";"587,37"
"01 abr 2020";"577,10";"583,71"
"02 abr 2020";"573,19";"580,08"
"03 abr 2020";"570,94";"577,96"
"06 abr 2020";"567,30";"575,49"
"07 abr 2020";"568,25";"574,45"
"13 abr 2020";"568,55";"575,12"
"14 abr 2020";"566,35";"573,07"
"15 abr 2020";"564,13";"569,29"
"16 abr 2020";"561,28";"567,52"
"17 abr 2020";"559,65";"565,54"
"20 abr 2020";"558,99";"565,11"
"21 abr 2020";"562,97";"569,18"
"22 abr 2020";"564,29";"571,90"
"23 abr 2020";"564,68";"571,09"
"24 abr 2020";"564,38";"569,03"
"27 abr 2020";"562,93";"570,07"
"28 abr 2020";"563,35";"569,75"
"29 abr 2020";"564,88";"571,09"
"30 abr 2020";"564,42";"571,46"
"04 may 2020";"565,24";"571,92"
"05 may 2020";"564,81";"572,42"
"06 may 2020";"565,57";"572,70"
"07 may 2020";"565,04";"571,91"
"08 may 2020";"565,82";"571,97"
"11 may 2020";"565,30";"572,03"
"12 may 2020";"565,48";"572,35"
"13 may 2020";"566,32";"571,60"
"14 may 2020";"566,43";"571,82"
"15 may 2020";"566,13";"571,76"
"18 may 2020";"565,48";"572,39"
"19 may 2020";"566,57";"573,39"
"20 may 2020";"567,07";"574,50"
"21 may 2020";"567,67";"574,72"
"22 may 2020";"566,87";"574,00"
"25 may 2020";"566,57";"573,68"
"26 may 2020";"568,19";"574,07"
"27 may 2020";"567,62";"575,00"
"28 may 2020";"570,64";"575,20"
"29 may 2020";"569,46";"576,11"
"01 jun 2020";"570,22";"576,93"
"02 jun 2020";"571,29";"579,35"
"03 jun 2020";"573,19";"581,02"
"04 jun 2020";"574,66";"582,02"
"05 jun 2020";"573,68";"582,45"
"08 jun 2020";"574,99";"582,87"
"09 jun 2020";"575,70";"583,72"
"10 jun 2020";"577,25";"584,02"
"11 jun 2020";"576,90";"583,14"
"12 jun 2020";"574,50";"580,61"
"15 jun 2020";"571,42";"578,83"
"16 jun 2020";"571,04";"577,88"
"17 jun 2020";"571,33";"577,79"
"18 jun 2020";"573,23";"579,18"
"19 jun 2020";"574,26";"579,62"
"22 jun 2020";"570,26";"579,72"
"23 jun 2020";"574,06";"580,13"
"24 jun 2020";"573,31";"580,86"
"25 jun 2020";"576,33";"582,26"
"26 jun 2020";"576,83";"582,92"
"29 jun 2020";"577,49";"583,67"
"30 jun 2020";"577,51";"583,49"
"01 jul 2020";"579,01";"584,96"
"02 jul 2020";"579,27";"586,23"
"03 jul 2020";"577,06";"586,21"
"06 jul 2020";"577,65";"585,34"
"07 jul 2020";"577,51";"585,79"
"08 jul 2020";"578,08";"585,19"
"09 jul 2020";"579,20";"584,96"
"10 jul 2020";"578,26";"585,19"
"13 jul 2020";"579,00";"584,65"
"14 jul 2020";"577,84";"584,55"
"15 jul 2020";"577,50";"583,46"
"16 jul 2020";"578,74";"582,86"
"17 jul 2020";"578,91";"584,16"
"20 jul 2020";"578,70";"584,52"
"21 jul 2020";"576,47";"584,94"
"22 jul 2020";"576,73";"585,21"
"23 jul 2020";"579,78";"585,62"
"24 jul 2020";"579,60";"586,01"
"28 jul 2020";"579,69";"586,27"
"29 jul 2020";"580,49";"586,90"
"30 jul 2020";"580,51";"586,91"
"31 jul 2020";"582,15";"588,33"
"03 ago 2020";"582,41";"590,74"
"04 ago 2020";"584,23";"592,22"
"05 ago 2020";"586,65";"594,44"
"06 ago 2020";"588,12";"595,21"
"07 ago 2020";"588,70";"596,17"
"10 ago 2020";"588,22";"595,91"
"11 ago 2020";"590,69";"598,21"
"12 ago 2020";"592,54";"599,13"
"13 ago 2020";"594,48";"600,11"
"14 ago 2020";"592,81";"598,23"
"18 ago 2020";"591,44";"598,28"
"19 ago 2020";"591,38";"597,97"
"20 ago 2020";"591,69";"597,82"
"21 ago 2020";"588,34";"596,42"
"24 ago 2020";"588,38";"595,58"
"25 ago 2020";"588,04";"596,93"
"26 ago 2020";"591,52";"597,21"
"27 ago 2020";"591,61";"598,31"
"28 ago 2020";"591,43";"597,66"
"31 ago 2020";"590,21";"598,00"
"01 sep 2020";"592,02";"598,03"
"02 sep 2020";"593,12";"599,44"
"03 sep 2020";"593,21";"600,18"
"04 sep 2020";"594,10";"600,80"
"07 sep 2020";"595,36";"600,52"
"08 sep 2020";"594,61";"601,42"
"09 sep 2020";"592,96";"601,59"
"10 sep 2020";"595,70";"600,50"
"11 sep 2020";"592,43";"599,08"
"15 sep 2020";"590,92";"597,43"
"16 sep 2020";"591,90";"598,32"
"17 sep 2020";"593,80";"599,47"
"18 sep 2020";"594,80";"599,86"
"21 sep 2020";"594,93";"601,51"
"22 sep 2020";"595,02";"602,45"
"23 sep 2020";"596,90";"603,17"
"24 sep 2020";"596,58";"604,16"
"25 sep 2020";"598,25";"604,10"
"28 sep 2020";"598,65";"604,47"
"29 sep 2020";"599,38";"606,10"
"30 sep 2020";"600,45";"606,68"
"01 oct 2020";"601,71";"607,93"
"02 oct 2020";"599,16";"605,80"
"05 oct 2020";"597,16";"604,90"
"06 oct 2020";"597,97";"603,93"
"07 oct 2020";"599,10";"605,69"
"08 oct 2020";"598,82";"605,55"
"09 oct 2020";"599,55";"605,34"
"12 oct 2020";"597,61";"605,19"
"13 oct 2020";"598,44";"605,38"
"14 oct 2020";"599,36";"605,69"
"15 oct 2020";"600,71";"606,24"
"16 oct 2020";"599,66";"605,75"
"19 oct 2020";"599,53";"605,24"
"20 oct 2020";"599,14";"605,60"
"21 oct 2020";"598,03";"606,11"
"22 oct 2020";"599,20";"606,95"
"23 oct 2020";"600,03";"606,91"
"26 oct 2020";"602,67";"608,12"
"27 oct 2020";"603,01";"609,42"
"28 oct 2020";"603,06";"610,86"
"29 oct 2020";"605,45";"611,93"
"30 oct 2020";"604,91";"611,79"
"02 nov 2020";"604,74";"612,92"
"03 nov 2020";"605,74";"614,07"
"04 nov 2020";"607,11";"614,55"
"05 nov 2020";"606,63";"614,28"
"06 nov 2020";"608,50";"615,24"
"09 nov 2020";"608,06";"615,48"
"10 nov 2020";"609,19";"616,41"
"11 nov 2020";"608,90";"616,58"
"12 nov 2020";"610,85";"616,32"
"13 nov 2020";"609,39";"614,28"
"16 nov 2020";"606,51";"613,41"
"17 nov 2020";"605,21";"612,02"
"18 nov 2020";"604,11";"610,62"
"19 nov 2020";"603,72";"609,46"
"20 nov 2020";"601,10";"605,99"
"23 nov 2020";"597,00";"603,63"
"24 nov 2020";"596,95";"602,44"
"25 nov 2020";"595,48";"603,54"
"26 nov 2020";"597,87";"605,66"
"27 nov 2020";"602,49";"608,40"
"01 dic 2020";"600,18";"608,79"
"02 dic 2020";"600,64";"607,76"
"03 dic 2020";"597,99";"605,34"
"04 dic 2020";"597,41";"603,25"
"07 dic 2020";"598,08";"602,63"
"08 dic 2020";"598,79";"604,67"
"09 dic 2020";"599,47";"606,12"
"10 dic 2020";"602,72";"608,06"
"11 dic 2020";"603,18";"609,10"
"14 dic 2020";"602,82";"609,91"
"15 dic 2020";"603,56";"609,91"
"16 dic 2020";"601,52";"608,84"
"17 dic 2020";"601,37";"608,50"
"18 dic 2020";"602,40";"608,45"
"21 dic 2020";"602,48";"609,79"
"22 dic 2020";"604,69";"611,54"
"23 dic 2020";"605,46";"612,86"
"24 dic 2020";"605,25";"612,62"
"28 dic 2020";"607,32";"613,13"
"29 dic 2020";"606,28";"614,17"
"30 dic 2020";"609,43";"616,86"
"04 ene 2021";"610,53";"617,30"
"05 ene 2021";"609,00";"616,51"
"06 ene 2021";"609,24";"616,06"
"07 ene 2021";"611,60";"617,25"
"08 ene 2021";"611,63";"617,78"
"11 ene 2021";"609,74";"617,80"
"12 ene 2021";"608,21";"617,20"
"13 ene 2021";"608,60";"615,88"
"14 ene 2021";"606,86";"612,75"
"15 ene 2021";"605,03";"611,12"
"18 ene 2021";"604,92";"611,74"
"19 ene 2021";"606,58";"612,02"
"20 ene 2021";"606,13";"612,89"
"21 ene 2021";"606,50";"613,69"
"22 ene 2021";"608,07";"614,06"
"25 ene 2021";"606,29";"614,59"
"26 ene 2021";"609,98";"614,92"
"27 ene 2021";"610,29";"615,55"
"28 ene 2021";"609,55";"615,98"
"29 ene 2021";"609,68";"616,01"
"01 feb 2021";"608,93";"616,16"
"02 feb 2021";"609,17";"616,09"
"03 feb 2021";"609,74";"616,68"
"04 feb 2021";"609,59";"615,43"
"05 feb 2021";"608,72";"614,48"
"08 feb 2021";"606,48";"613,94"
"09 feb 2021";"608,07";"614,73"
"10 feb 2021";"608,77";"614,55"
"11 feb 2021";"607,81";"614,13"
"12 feb 2021";"607,33";"612,89"
"15 feb 2021";"605,67";"612,63"
"16 feb 2021";"605,12";"613,03"
"17 feb 2021";"608,82";"613,80"
"18 feb 2021";"607,99";"615,34"
"19 feb 2021";"608,17";"614,60"
"22 feb 2021";"606,37";"614,11"
"23 feb 2021";"606,57";"614,10"
"24 feb 2021";"607,13";"613,56"
"25 feb 2021";"606,91";"614,26"
"26 feb 2021";"609,26";"615,08"
"01 mar 2021";"610,09";"615,84"
"02 mar 2021";"609,54";"616,48"
"03 mar 2021";"610,08";"615,81"
"04 mar 2021";"607,96";"615,43"
"05 mar 2021";"607,96";"615,08"
"08 mar 2021";"607,19";"614,22"
"09 mar 2021";"607,37";"613,27"
"10 mar 2021";"605,24";"613,18"
"11 mar 2021";"606,63";"612,27"
"12 mar 2021";"606,71";"612,54"
"15 mar 2021";"606,62";"612,82"
"16 mar 2021";"606,00";"612,66"
"17 mar 2021";"607,80";"612,89"
"18 mar 2021";"607,43";"613,58"
"19 mar 2021";"607,84";"612,89"
"22 mar 2021";"606,13";"613,28"
"23 mar 2021";"605,14";"613,78"
"24 mar 2021";"608,24";"614,15"
"25 mar 2021";"609,81";"615,43"
"26 mar 2021";"609,35";"615,66"
"29 mar 2021";"608,55";"616,33"
"30 mar 2021";"607,45";"616,24"
"31 mar 2021";"610,29";"615,81"
"05 abr 2021";"608,16";"615,13"
"06 abr 2021";"607,12";"615,26"
"07 abr 2021";"606,94";"614,27"
"08 abr 2021";"608,74";"614,78"
"09 abr 2021";"609,46";"614,68"
"12 abr 2021";"608,16";"615,45"
"13 abr 2021";"606,99";"616,03"
"14 abr 2021";"609,24";"615,13"
"15 abr 2021";"609,64";"615,09"
"16 abr 2021";"609,31";"615,35"
"19 abr 2021";"609,97";"615,84"
"20 abr 2021";"610,29";"615,98"
"21 abr 2021";"609,94";"616,60"
"22 abr 2021";"612,90";"617,21"
"23 abr 2021";"612,41";"618,49"
"26 abr 2021";"611,52";"619,10"
"27 abr 2021";"613,42";"619,90"
"28 abr 2021";"612,49";"620,10"
"29 abr 2021";"614,73";"621,67"
"30 abr 2021";"613,35";"619,44"
"04 may 2021";"611,08";"616,92"
"05 may 2021";"609,42";"617,73"
"06 may 2021";"609,30";"618,26"
"07 may 2021";"613,44";"618,81"
"10 may 2021";"612,79";"618,72"
"11 may 2021";"611,95";"618,97"
"12 may 2021";"611,97";"618,31"
"13 may 2021";"613,29";"618,02"
"14 may 2021";"611,39";"617,49"
"17 may 2021";"609,82";"616,06"
"18 may 2021";"610,79";"617,38"
"19 may 2021";"612,08";"619,50"
"20 may 2021";"613,54";"619,61"
"21 may 2021";"611,16";"620,34"
"24 may 2021";"613,11";"620,02"
"25 may 2021";"614,15";"620,00"
"26 may 2021";"614,26";"619,92"
"27 may 2021";"613,79";"621,08"
"28 may 2021";"614,87";"620,04"
"31 may 2021";"613,22";"620,24"
"01 jun 2021";"613,03";"621,39"
"02 jun 2021";"614,70";"621,99"
"03 jun 2021";"614,82";"621,72"
"04 jun 2021";"613,87";"620,81"
"07 jun 2021";"613,32";"620,64"
"08 jun 2021";"613,47";"621,10"
"09 jun 2021";"614,13";"621,04"
"10 jun 2021";"614,07";"621,13"
"11 jun 2021";"614,80";"620,54"
"14 jun 2021";"614,10";"620,21"
"15 jun 2021";"614,39";"619,90"
"16 jun 2021";"612,63";"618,65"
"17 jun 2021";"614,07";"619,77"
"18 jun 2021";"614,07";"620,30"
"21 jun 2021";"614,04";"621,02"
"22 jun 2021";"613,84";"621,16"
"23 jun 2021";"613,89";"621,41"
"24 jun 2021";"616,70";"622,10"
"25 jun 2021";"615,79";"621,39"
"28 jun 2021";"614,23";"620,67"
"29 jun 2021";"614,90";"621,83"
"30 jun 2021";"615,25";"621,92"
"01 jul 2021";"615,47";"621,88"
"02 jul 2021";"615,82";"622,51"
"05 jul 2021";"614,62";"621,94"
"06 jul 2021";"615,50";"621,97"
"07 jul 2021";"614,50";"622,34"
"08 jul 2021";"616,31";"623,31"
"09 jul 2021";"618,14";"623,60"
"12 jul 2021";"617,97";"623,60"
"13 jul 2021";"616,19";"622,75"
"14 jul 2021";"615,01";"621,07"
"15 jul 2021";"615,43";"620,24"
"16 jul 2021";"615,16";"621,43"
"19 jul 2021";"614,67";"621,39"
"20 jul 2021";"613,56";"621,92"
"21 jul 2021";"617,15";"621,43"
"22 jul 2021";"614,45";"620,18"
"23 jul 2021";"615,07";"621,57"
"27 jul 2021";"615,42";"621,69"
"28 jul 2021";"614,47";"622,22"
"29 jul 2021";"616,66";"623,02"
"30 jul 2021";"617,93";"623,17"
"03 ago 2021";"616,89";"622,98"
"04 ago 2021";"616,78";"623,78"
"05 ago 2021";"617,14";"623,53"
"06 ago 2021";"615,68";"623,23"
"09 ago 2021";"616,39";"623,02"
"10 ago 2021";"616,79";"624,05"
"11 ago 2021";"618,41";"623,84"
"12 ago 2021";"618,64";"624,39"
"13 ago 2021";"618,01";"623,17"
"16 ago 2021";"615,49";"622,37"
"17 ago 2021";"615,83";"622,17"
"18 ago 2021";"616,70";"622,47"
"19 ago 2021";"616,73";"622,72"
"20 ago 2021";"616,31";"622,40"
"23 ago 2021";"615,97";"622,85"
"24 ago 2021";"616,95";"623,53"
"25 ago 2021";"619,55";"624,25"
"26 ago 2021";"619,36";"625,14"
"27 ago 2021";"620,29";"625,43"
"30 ago 2021";"619,70";"625,78"
"31 ago 2021";"619,83";"626,46"
"01 sep 2021";"619,72";"627,04"
"02 sep 2021";"620,94";"627,41"
"03 sep 2021";"619,10";"627,62"
"06 sep 2021";"619,60";"627,12"
"07 sep 2021";"620,69";"627,53"
"08 sep 2021";"621,16";"627,91"
"09 sep 2021";"623,32";"629,01"
"10 sep 2021";"623,92";"630,41"
"14 sep 2021";"622,56";"628,89"
"15 sep 2021";"621,04";"627,47"
"16 sep 2021";"621,28";"627,09"
"17 sep 2021";"620,82";"627,31"
"20 sep 2021";"619,94";"626,87"
"21 sep 2021";"621,68";"627,01"
"22 sep 2021";"619,60";"627,44"
"23 sep 2021";"621,03";"628,50"
"24 sep 2021";"623,65";"628,79"
"27 sep 2021";"622,80";"628,67"
"28 sep 2021";"622,49";"628,96"
"29 sep 2021";"623,30";"629,41"
"30 sep 2021";"623,24";"629,71"
"01 oct 2021";"623,12";"630,28"
"04 oct 2021";"622,95";"629,95"
"05 oct 2021";"622,72";"629,65"
"06 oct 2021";"621,08";"629,12"
"07 oct 2021";"623,72";"630,13"
"08 oct 2021";"625,17";"630,43"
"11 oct 2021";"625,26";"631,11"
"12 oct 2021";"625,00";"631,62"
"13 oct 2021";"623,91";"631,67"
"14 oct 2021";"626,21";"631,79"
"15 oct 2021";"624,74";"632,14"
"18 oct 2021";"625,33";"631,90"
"19 oct 2021";"624,00";"631,96"
"20 oct 2021";"626,35";"632,36"
"21 oct 2021";"625,82";"632,68"
"22 oct 2021";"627,52";"633,75"
"25 oct 2021";"627,22";"634,51"
"26 oct 2021";"629,54";"635,08"
"27 oct 2021";"630,99";"636,59"
"28 oct 2021";"633,38";"640,10"
"29 oct 2021";"634,69";"641,69"
"01 nov 2021";"634,69";"641,84"
"02 nov 2021";"634,26";"642,76"
"03 nov 2021";"635,73";"642,62"
"04 nov 2021";"635,27";"643,13"
"05 nov 2021";"637,00";"643,33"
"08 nov 2021";"637,34";"643,51"
"09 nov 2021";"635,08";"644,05"
"10 nov 2021";"637,82";"644,96"
"11 nov 2021";"638,56";"644,95"
"12 nov 2021";"639,34";"645,13"
"15 nov 2021";"638,21";"645,47"
"16 nov 2021";"636,36";"643,10"
"17 nov 2021";"635,07";"641,58"
"18 nov 2021";"635,72";"642,26"
"19 nov 2021";"635,35";"641,11"
"22 nov 2021";"632,71";"640,51"
"23 nov 2021";"633,37";"640,49"
"24 nov 2021";"631,76";"639,19"
"25 nov 2021";"632,48";"638,71"
"26 nov 2021";"628,59";"633,91"
"30 nov 2021";"626,56";"632,20"
"01 dic 2021";"626,15";"632,93"
"02 dic 2021";"626,64";"633,68"
"03 dic 2021";"627,61";"634,32"
"06 dic 2021";"628,74";"636,04"
"07 dic 2021";"631,77";"638,64"
"08 dic 2021";"632,86";"641,17"
"09 dic 2021";"636,78";"642,65"
"10 dic 2021";"636,19";"642,86"
"13 dic 2021";"635,94";"641,96"
"14 dic 2021";"634,70";"641,30"
"15 dic 2021";"636,01";"642,49"
"16 dic 2021";"634,44";"642,19"
"17 dic 2021";"633,84";"640,82"
"20 dic 2021";"634,09";"640,95"
"21 dic 2021";"634,11";"642,06"
"22 dic 2021";"638,13";"645,49"
"23 dic 2021";"639,72";"646,33"
"24 dic 2021";"638,05";"645,47"
"27 dic 2021";"637,85";"643,82"
"28 dic 2021";"638,13";"644,09"
"29 dic 2021";"638,94";"644,83"
"30 dic 2021";"638,75";"644,91"
"03 ene 2022";"639,06";"645,25"
"04 ene 2022";"639,54";"645,39"
"05 ene 2022";"638,47";"644,53"
"06 ene 2022";"639,37";"644,92"
"07 ene 2022";"639,87";"644,63"
"10 ene 2022";"637,19";"644,03"
"11 ene 2022";"635,00";"643,44"
"12 ene 2022";"634,24";"640,55"
"13 ene 2022";"632,91";"637,92"
"14 ene 2022";"631,51";"636,97"
"17 ene 2022";"628,20";"636,33"
"18 ene 2022";"629,73";"636,12"
"19 ene 2022";"629,37";"635,58"
"20 ene 2022";"629,68";"635,67"
"21 ene 2022";"631,18";"637,95"
"24 ene 2022";"633,17";"640,25"
"25 ene 2022";"634,67";"643,08"
"26 ene 2022";"636,95";"644,79"
"27 ene 2022";"639,04";"645,07"
"28 ene 2022";"640,70";"645,97"
"31 ene 2022";"638,97";"646,20"
"01 feb 2022";"640,05";"646,90"
"02 feb 2022";"641,04";"648,48"
"03 feb 2022";"642,15";"648,72"
"04 feb 2022";"642,33";"647,98"
"07 feb 2022";"640,17";"647,95"
"08 feb 2022";"640,50";"647,85"
"09 feb 2022";"639,48";"647,45"
"10 feb 2022";"641,03";"647,15"
"11 feb 2022";"640,19";"646,93"
"14 feb 2022";"638,63";"644,59"
"15 feb 2022";"636,03";"642,88"
"16 feb 2022";"636,35";"642,90"
"17 feb 2022";"637,00";"642,77"
"18 feb 2022";"636,74";"642,83"
"21 feb 2022";"636,98";"642,80"
"22 feb 2022";"637,13";"644,01"
"23 feb 2022";"636,94";"644,74"
"24 feb 2022";"638,10";"644,91"
"25 feb 2022";"637,80";"646,50"
"28 feb 2022";"641,53";"647,34"
"01 mar 2022";"640,02";"647,31"
"02 mar 2022";"640,12";"647,78"
"03 mar 2022";"641,85";"648,04"
"04 mar 2022";"642,08";"649,08"
"07 mar 2022";"643,93";"651,68"
"08 mar 2022";"645,30";"653,53"
"09 mar 2022";"648,97";"655,61"
"10 mar 2022";"649,28";"656,06"
"11 mar 2022";"647,60";"654,34"
"14 mar 2022";"643,37";"650,89"
"15 mar 2022";"639,90";"645,76"
"16 mar 2022";"637,66";"644,17"
"17 mar 2022";"639,31";"645,60"
"18 mar 2022";"642,28";"648,93"
"21 mar 2022";"644,73";"651,22"
"22 mar 2022";"644,51";"653,21"
"23 mar 2022";"650,24";"655,48"
"24 mar 2022";"650,94";"658,09"
"25 mar 2022";"652,53";"659,53"
"28 mar 2022";"653,57";"661,60"
"29 mar 2022";"655,13";"663,17"
